class_id,class_name,crop,disease,is_healthy
0,Apple___Apple_scab,Apple,Apple scab,false
1,Apple___Black_rot,Apple,Black rot,false
2,Apple___Cedar_apple_rust,Apple,Cedar apple rust,false
3,Apple___healthy,Apple,Healthy,true
4,Blueberry___healthy,Blueberry,Healthy,true
5,Cherry_(including_sour)___Powdery_mildew,Cherry (including sour),Powdery mildew,false
6,Cherry_(including_sour)___healthy,Cherry (including sour),Healthy,true
7,Corn_(maize)___Cercospora_leaf_spot Gray_leaf_spot,Corn (maize),Cercospora leaf spot / Gray leaf spot,false
8,Corn_(maize)___Common_rust_,Corn (maize),Common rust,false
9,Corn_(maize)___Northern_Leaf_Blight,Corn (maize),Northern leaf blight,false
10,Corn_(maize)___healthy,Corn (maize),Healthy,true
11,Grape___Black_rot,Grape,Black rot,false
12,Grape___Esca_(Black_Measles),Grape,Esca (Black Measles),false
13,Grape___Leaf_blight_(Isariopsis_Leaf_Spot),Grape,Leaf blight (Isariopsis Leaf Spot),false
14,Grape___healthy,Grape,Healthy,true
15,Orange___Haunglongbing_(Citrus_greening),Orange,Huanglongbing (Citrus greening),false
16,Peach___Bacterial_spot,Peach,Bacterial spot,false
17,Peach___healthy,Peach,Healthy,true
18,"Pepper,_bell___Bacterial_spot","Pepper, bell",Bacterial spot,false
19,"Pepper,_bell___healthy","Pepper, bell",Healthy,true
20,Potato___Early_blight,Potato,Early blight,false
21,Potato___Late_blight,Potato,Late blight,false
22,Potato___healthy,Potato,Healthy,true
23,Raspberry___healthy,Raspberry,Healthy,true
24,Soybean___healthy,Soybean,Healthy,true
25,Squash___Powdery_mildew,Squash,Powdery mildew,false
26,Strawberry___Leaf_scorch,Strawberry,Leaf scorch,false
27,Strawberry___healthy,Strawberry,Healthy,true
28,Tomato___Bacterial_spot,Tomato,Bacterial spot,false
29,Tomato___Early_blight,Tomato,Early blight,false
30,Tomato___Late_blight,Tomato,Late blight,false
31,Tomato___Leaf_Mold,Tomato,Leaf mold,false
32,Tomato___Septoria_leaf_spot,Tomato,Septoria leaf spot,false
33,Tomato___Spider_mites Two-spotted_spider_mite,Tomato,Spider mites / Two-spotted spider mite,false
34,Tomato___Target_Spot,Tomato,Target spot,false
35,Tomato___Tomato_Yellow_Leaf_Curl_Virus,Tomato,Tomato yellow leaf curl virus,false
36,Tomato___Tomato_mosaic_virus,Tomato,Tomato mosaic virus,false
37,Tomato___healthy,Tomato,Healthy,true
