condition,severity,n,accuracy,mean_confidence,accuracy_drop
clean,0,8114,0.9937145674143456,0.9948362302304137,0.0
blur,1,8114,0.9752280009859502,0.9817759340726774,0.018486566428395412
blur,2,8114,0.7728617204831156,0.9091831635512064,0.22085284693122997
blur,3,8114,0.48952427902390927,0.8614488176768244,0.5041902883904363
dark,1,8114,0.9907567167858023,0.9922616623703823,0.002957850628543257
dark,2,8114,0.9719004190288391,0.9810611403338099,0.02181414838550655
dark,3,8114,0.6202859255607592,0.8084835521628888,0.3734286418535864
bright,1,8114,0.992235642100074,0.9936153076980276,0.0014789253142716285
bright,2,8114,0.9696820310574316,0.980190270708675,0.024032536356914047
bright,3,8114,0.8535863938871087,0.925291202898122,0.14012817352723694
noise,1,8114,0.9864431846191767,0.9907154083869009,0.007271382795168924
noise,2,8114,0.8283214197683016,0.9471226032067614,0.16539314764604396
noise,3,8114,0.601059896475228,0.8925677170623015,0.39265467093911766
resolution,1,8114,0.9859502095144195,0.9896060845991177,0.007764357899926133
resolution,2,8114,0.9434311067291101,0.9631471830634375,0.05028346068523548
resolution,3,8114,0.7268917919645058,0.8987137396875673,0.2668227754498398
jpeg,1,8114,0.990633473009613,0.9927672473321209,0.0030810944047325872
jpeg,2,8114,0.98410155287158,0.9882472504498719,0.009613014542765641
jpeg,3,8114,0.7977569632733547,0.889765001045591,0.19595760414099095
